	asset	estimated_return
0	AAPL	0.015442018778834023
1	COST	0.025948579657334075
2	HIMS	0.133581923899736
3	RTX	0.03865638211083647
4	SPY	0.019666495726156516
5	TSLA	0.02531290373212718
