state	expected_discomfort
exposed-1	3.4101496864600795
exposed-2	4.263721936093798
exposed-3	5.330613660982568
recovered	-0.0
symptoms-1	6.664158412497796
symptoms-2	4.999692165889058
symptoms-3	1.666648220656194
