state	expected_sick_days
exposed-1	2.9998347403454986
exposed-2	3.9997570825135838
exposed-3	5.99964334220123
recovered	-0.0
symptoms-1	9.999476919573342
symptoms-2	6.666609928465666
symptoms-3	3.3333303015210656
