state	expected_discomfort
exposed-1	0.7489370085462028
exposed-2	1.4983295846868876
exposed-3	2.9973778361462733
recovered	-0.0
symptoms-1	5.995887969883923
symptoms-2	4.499451727927839
symptoms-3	1.4999642428029016
