state	speed_discomfort	minimize_discomfort
exposed-1	0.8325561477476294	0.7489370085462028
exposed-2	1.6655165086642474	1.4983295846868876
exposed-3	3.331633759745222	2.9973778361462733
recovered	-0.0	-0.0
symptoms-1	6.664158789403653	5.995887969883923
symptoms-2	4.999692338005031	4.499451727927839
symptoms-3	1.6666482595387622	1.4999642428029016
