mean	std
-0.034773190400189224	0.2743743588780168
