best_profit	one_std_profit
97513.86174858172	-21876.633577998444
