strategy	regret
uniform	162.9634717532985
just-0	31.389128395290868
just-1	60.24769631641698
just-2	381.55228468452356
actual	41.62001778521517
